{
    "$schema": "http://schema.management.azure.com/schemas/2015-01-01/deploymentTemplate.json#",
    "contentVersion": "1.0.0.0",
    "parameters": {
        "factoryName": {
            "type": "string",
            "metadata": "Nom de fabrique de données",
            "defaultValue": "JiraCloudDataFact"
        }
    },
    "variables": {
        "factoryId": "[concat('Microsoft.DataFactory/factories/', parameters('factoryName'))]"
    },
    "resources": [
        {
            "name": "[concat(parameters('factoryName'), '/Project_DF')]",
            "type": "Microsoft.DataFactory/factories/dataflows",
            "apiVersion": "2018-06-01",
            "properties": {
                "type": "MappingDataFlow",
                "typeProperties": {
                    "sources": [
                        {
                            "dataset": {
                                "referenceName": "ProjectAPI",
                                "type": "DatasetReference"
                            },
                            "name": "ExtractProjectFromAPI"
                        },
                        {
                            "dataset": {
                                "referenceName": "ProjectFinal",
                                "type": "DatasetReference"
                            },
                            "name": "source1"
                        }
                    ],
                    "sinks": [
                        {
                            "dataset": {
                                "referenceName": "ProjectFinal",
                                "type": "DatasetReference"
                            },
                            "name": "sink2"
                        }
                    ],
                    "transformations": [
                        {
                            "name": "flatten1"
                        },
                        {
                            "name": "derivedColumn1"
                        },
                        {
                            "name": "exists2"
                        },
                        {
                            "name": "alterRow1"
                        }
                    ],
                    "scriptLines": [
                        "parameters{",
                        "     boardId as integer (5)",
                        "}",
                        "source(output(",
                        "          body as (isLast as boolean, maxResults as short, startAt as boolean, total as boolean, values as (avatarUrls as ({16x16} as string, {24x24} as string, {32x32} as string, {48x48} as string), id as short, key as string, name as string, projectTypeKey as string, self as string, simplified as boolean)[]),",
                        "          headers as [string,string]",
                        "     ),",
                        "     allowSchemaDrift: true,",
                        "     validateSchema: false,",
                        "     inferDriftedColumnTypes: true,",
                        "     httpMethod: 'GET',",
                        "     timeout: 30,",
                        "     requestInterval: 0,",
                        "     paginationRules: ['supportRFC5988' -> 'true'],",
                        "     responseFormat: ['type' -> 'json', 'documentForm' -> 'documentPerLine']) ~> ExtractProjectFromAPI",
                        "source(output(",
                        "          project_id as integer,",
                        "          project_name as string,",
                        "          project_key as string,",
                        "          creator_id as string,",
                        "          typeKey as string,",
                        "          board_id as integer",
                        "     ),",
                        "     allowSchemaDrift: true,",
                        "     validateSchema: false,",
                        "     isolationLevel: 'READ_UNCOMMITTED',",
                        "     format: 'table') ~> source1",
                        "ExtractProjectFromAPI foldDown(unroll(body.values, body.values),",
                        "     mapColumn(",
                        "          id = body.values.id,",
                        "          key = body.values.key,",
                        "          name = body.values.name,",
                        "          projectTypeKey = body.values.projectTypeKey",
                        "     ),",
                        "     skipDuplicateMapInputs: false,",
                        "     skipDuplicateMapOutputs: false) ~> flatten1",
                        "flatten1 derive(boardId = $boardId) ~> derivedColumn1",
                        "derivedColumn1, source1 exists(id == project_id,",
                        "     negate:false,",
                        "     broadcast: 'both')~> exists2",
                        "exists2 alterRow(upsertIf(isInteger(toString($boardId)))) ~> alterRow1",
                        "alterRow1 sink(allowSchemaDrift: true,",
                        "     validateSchema: false,",
                        "     input(",
                        "          project_id as integer,",
                        "          project_name as string,",
                        "          project_key as string,",
                        "          creator_id as string,",
                        "          typeKey as string,",
                        "          board_id as integer",
                        "     ),",
                        "     deletable:false,",
                        "     insertable:true,",
                        "     updateable:true,",
                        "     upsertable:false,",
                        "     keys:['project_id'],",
                        "     format: 'table',",
                        "     skipDuplicateMapInputs: true,",
                        "     skipDuplicateMapOutputs: true,",
                        "     errorHandlingOption: 'stopOnFirstError',",
                        "     mapColumn(",
                        "          project_id = id,",
                        "          project_name = name,",
                        "          project_key = key,",
                        "          typeKey = projectTypeKey,",
                        "          board_id = boardId",
                        "     )) ~> sink2"
                    ]
                }
            },
            "dependsOn": []
        },
        {
            "name": "[concat(parameters('factoryName'), '/Worklog_DF')]",
            "type": "Microsoft.DataFactory/factories/dataflows",
            "apiVersion": "2018-06-01",
            "properties": {
                "type": "MappingDataFlow",
                "typeProperties": {
                    "sources": [
                        {
                            "dataset": {
                                "referenceName": "WorklogAPI",
                                "type": "DatasetReference"
                            },
                            "name": "source1"
                        },
                        {
                            "dataset": {
                                "referenceName": "WorklogFinal",
                                "type": "DatasetReference"
                            },
                            "name": "source2"
                        }
                    ],
                    "sinks": [
                        {
                            "dataset": {
                                "referenceName": "WorklogFinal",
                                "type": "DatasetReference"
                            },
                            "name": "sink1"
                        },
                        {
                            "dataset": {
                                "referenceName": "WorklogFinal",
                                "type": "DatasetReference"
                            },
                            "name": "sink2"
                        }
                    ],
                    "transformations": [
                        {
                            "name": "flatten1"
                        },
                        {
                            "name": "derivedColumn1"
                        },
                        {
                            "name": "select1"
                        },
                        {
                            "name": "exists1"
                        },
                        {
                            "name": "exists2"
                        },
                        {
                            "name": "alterRow1"
                        },
                        {
                            "name": "derivedColumn2"
                        }
                    ],
                    "scriptLines": [
                        "parameters{",
                        "     id as integer (10000)",
                        "}",
                        "source(output(",
                        "          body as (maxResults as short, startAt as boolean, total as boolean, worklogs as (author as (accountId as string, accountType as string, active as boolean, avatarUrls as ({16x16} as string, {24x24} as string, {32x32} as string, {48x48} as string), displayName as string, emailAddress as string, self as string, timeZone as string), created as string, id as short, issueId as short, self as string, started as string, timeSpent as string, timeSpentSeconds as integer, updateAuthor as (accountId as string, accountType as string, active as boolean, avatarUrls as ({16x16} as string, {24x24} as string, {32x32} as string, {48x48} as string), displayName as string, emailAddress as string, self as string, timeZone as string), updated as string)[]),",
                        "          headers as [string,string]",
                        "     ),",
                        "     allowSchemaDrift: true,",
                        "     validateSchema: false,",
                        "     httpMethod: 'GET',",
                        "     timeout: 30,",
                        "     requestInterval: 0,",
                        "     paginationRules: ['supportRFC5988' -> 'true'],",
                        "     responseFormat: ['type' -> 'json', 'documentForm' -> 'documentPerLine']) ~> source1",
                        "source(output(",
                        "          id as integer,",
                        "          startDate as date,",
                        "          timeSpent as string,",
                        "          startTime as string,",
                        "          author_id as string,",
                        "          issue_id as integer",
                        "     ),",
                        "     allowSchemaDrift: true,",
                        "     validateSchema: false,",
                        "     isolationLevel: 'READ_UNCOMMITTED',",
                        "     format: 'table') ~> source2",
                        "source1 foldDown(unroll(body.worklogs, body.worklogs),",
                        "     mapColumn(",
                        "          authorId = body.worklogs.author.accountId,",
                        "          worklogId = body.worklogs.id,",
                        "          issueId = body.worklogs.issueId,",
                        "          started = body.worklogs.started,",
                        "          timeSpent = body.worklogs.timeSpent",
                        "     ),",
                        "     skipDuplicateMapInputs: false,",
                        "     skipDuplicateMapOutputs: false) ~> flatten1",
                        "exists1 derive(startTime = substring(started, 12, 8),",
                        "          startDate = toDate(substring(started,0,10))) ~> derivedColumn1",
                        "source2 select(mapColumn(",
                        "          id",
                        "     ),",
                        "     skipDuplicateMapInputs: true,",
                        "     skipDuplicateMapOutputs: true) ~> select1",
                        "flatten1, select1 exists(worklogId == id,",
                        "     negate:true,",
                        "     broadcast: 'both')~> exists1",
                        "flatten1, select1 exists(worklogId == id,",
                        "     negate:false,",
                        "     broadcast: 'both')~> exists2",
                        "derivedColumn2 alterRow(updateIf(0===0)) ~> alterRow1",
                        "exists2 derive(startTime = substring(started, 12, 8),",
                        "          startDate = toDate(substring(started,0,10))) ~> derivedColumn2",
                        "derivedColumn1 sink(allowSchemaDrift: true,",
                        "     validateSchema: false,",
                        "     input(",
                        "          id as integer,",
                        "          startDate as date,",
                        "          timeSpent as string,",
                        "          startTime as string,",
                        "          author_id as string,",
                        "          issue_id as integer",
                        "     ),",
                        "     deletable:false,",
                        "     insertable:true,",
                        "     updateable:false,",
                        "     upsertable:false,",
                        "     format: 'table',",
                        "     skipDuplicateMapInputs: true,",
                        "     skipDuplicateMapOutputs: true,",
                        "     errorHandlingOption: 'stopOnFirstError',",
                        "     mapColumn(",
                        "          id = worklogId,",
                        "          author_id = authorId,",
                        "          issue_id = issueId,",
                        "          timeSpent,",
                        "          startTime,",
                        "          startDate",
                        "     )) ~> sink1",
                        "alterRow1 sink(allowSchemaDrift: true,",
                        "     validateSchema: false,",
                        "     input(",
                        "          id as integer,",
                        "          startDate as date,",
                        "          timeSpent as string,",
                        "          startTime as string,",
                        "          author_id as string,",
                        "          issue_id as integer",
                        "     ),",
                        "     deletable:false,",
                        "     insertable:true,",
                        "     updateable:true,",
                        "     upsertable:false,",
                        "     keys:['id'],",
                        "     format: 'table',",
                        "     skipDuplicateMapInputs: true,",
                        "     skipDuplicateMapOutputs: true,",
                        "     errorHandlingOption: 'stopOnFirstError',",
                        "     mapColumn(",
                        "          id = worklogId,",
                        "          author_id = authorId,",
                        "          issue_id = issueId,",
                        "          timeSpent,",
                        "          startTime,",
                        "          startDate",
                        "     )) ~> sink2"
                    ]
                }
            },
            "dependsOn": []
        },
        {
            "name": "[concat(parameters('factoryName'), '/Gap_DF')]",
            "type": "Microsoft.DataFactory/factories/dataflows",
            "apiVersion": "2018-06-01",
            "properties": {
                "type": "MappingDataFlow",
                "typeProperties": {
                    "sources": [
                        {
                            "dataset": {
                                "referenceName": "worklog_fact",
                                "type": "DatasetReference"
                            },
                            "name": "source1"
                        },
                        {
                            "dataset": {
                                "referenceName": "SprintFinal",
                                "type": "DatasetReference"
                            },
                            "name": "source2"
                        },
                        {
                            "dataset": {
                                "referenceName": "IssueFinal",
                                "type": "DatasetReference"
                            },
                            "name": "source3"
                        }
                    ],
                    "sinks": [
                        {
                            "dataset": {
                                "referenceName": "Gap",
                                "type": "DatasetReference"
                            },
                            "name": "sink1"
                        },
                        {
                            "dataset": {
                                "referenceName": "Gap",
                                "type": "DatasetReference"
                            },
                            "name": "sink2"
                        },
                        {
                            "dataset": {
                                "referenceName": "Gap",
                                "type": "DatasetReference"
                            },
                            "name": "sink3"
                        }
                    ],
                    "transformations": [
                        {
                            "name": "aggregate1"
                        },
                        {
                            "name": "derivedColumn1"
                        },
                        {
                            "name": "aggregate2"
                        },
                        {
                            "name": "aggregate3"
                        }
                    ],
                    "scriptLines": [
                        "source(output(",
                        "          worklog_fact_id as integer,",
                        "          author_id as string,",
                        "          issue_id as integer,",
                        "          time_spent as string,",
                        "          worklog_id as integer,",
                        "          start_date as integer,",
                        "          start_time as integer",
                        "     ),",
                        "     allowSchemaDrift: true,",
                        "     validateSchema: false,",
                        "     isolationLevel: 'READ_UNCOMMITTED',",
                        "     format: 'table') ~> source1",
                        "source(output(",
                        "          sprint_id as integer,",
                        "          start_date as date,",
                        "          end_date as date,",
                        "          state as string,",
                        "          sprint_name as string,",
                        "          completeDate as date,",
                        "          EnRetard as integer,",
                        "          board_id as integer",
                        "     ),",
                        "     allowSchemaDrift: true,",
                        "     validateSchema: false,",
                        "     isolationLevel: 'READ_UNCOMMITTED',",
                        "     format: 'table') ~> source2",
                        "source(output(",
                        "          id as integer,",
                        "          due_date as date,",
                        "          Agg_progressTotal as integer,",
                        "          Agg_progressProgress as integer,",
                        "          Agg_TimeEstimate as string,",
                        "          Agg_timeSpent as string,",
                        "          resolution_date as date,",
                        "          creation_date as date",
                        "     ),",
                        "     allowSchemaDrift: true,",
                        "     validateSchema: false,",
                        "     isolationLevel: 'READ_UNCOMMITTED',",
                        "     format: 'table') ~> source3",
                        "source1 aggregate(NbrWorklogs = count(worklog_fact_id)) ~> aggregate1",
                        "aggregate1 derive(Date = currentUTC()) ~> derivedColumn1",
                        "source2 aggregate(nbrSprints = count(sprint_id)) ~> aggregate2",
                        "source3 aggregate(nbrIssues = count(id)) ~> aggregate3",
                        "derivedColumn1 sink(allowSchemaDrift: true,",
                        "     validateSchema: false,",
                        "     input(",
                        "          id as integer,",
                        "          NbrWorklogs as integer,",
                        "          NbrSprints as integer,",
                        "          NbrIssues as integer,",
                        "          ImportDate as date",
                        "     ),",
                        "     deletable:false,",
                        "     insertable:true,",
                        "     updateable:false,",
                        "     upsertable:false,",
                        "     format: 'table',",
                        "     skipDuplicateMapInputs: true,",
                        "     skipDuplicateMapOutputs: true,",
                        "     errorHandlingOption: 'stopOnFirstError',",
                        "     mapColumn(",
                        "          Date",
                        "     )) ~> sink1",
                        "aggregate2 sink(allowSchemaDrift: true,",
                        "     validateSchema: false,",
                        "     input(",
                        "          id as integer,",
                        "          NbrWorklogs as integer,",
                        "          NbrSprints as integer,",
                        "          NbrIssues as integer,",
                        "          ImportDate as date",
                        "     ),",
                        "     deletable:false,",
                        "     insertable:true,",
                        "     updateable:false,",
                        "     upsertable:false,",
                        "     format: 'table',",
                        "     skipDuplicateMapInputs: true,",
                        "     skipDuplicateMapOutputs: true,",
                        "     errorHandlingOption: 'stopOnFirstError',",
                        "     mapColumn(",
                        "          NbrSprints = nbrSprints",
                        "     )) ~> sink2",
                        "aggregate3 sink(allowSchemaDrift: true,",
                        "     validateSchema: false,",
                        "     input(",
                        "          id as integer,",
                        "          NbrWorklogs as integer,",
                        "          NbrSprints as integer,",
                        "          NbrIssues as integer,",
                        "          ImportDate as date",
                        "     ),",
                        "     deletable:false,",
                        "     insertable:true,",
                        "     updateable:false,",
                        "     upsertable:false,",
                        "     format: 'table',",
                        "     skipDuplicateMapInputs: true,",
                        "     skipDuplicateMapOutputs: true,",
                        "     errorHandlingOption: 'stopOnFirstError') ~> sink3"
                    ]
                }
            },
            "dependsOn": []
        },
        {
            "name": "[concat(parameters('factoryName'), '/DWH')]",
            "type": "Microsoft.DataFactory/factories/pipelines",
            "apiVersion": "2018-06-01",
            "properties": {
                "activities": [
                    {
                        "name": "Board_DF",
                        "type": "ExecuteDataFlow",
                        "state": "Inactive",
                        "onInactiveMarkAs": "Succeeded",
                        "dependsOn": [],
                        "policy": {
                            "timeout": "0.12:00:00",
                            "retry": 0,
                            "retryIntervalInSeconds": 30,
                            "secureOutput": false,
                            "secureInput": false
                        },
                        "userProperties": [],
                        "typeProperties": {
                            "dataflow": {
                                "referenceName": "Board_DF",
                                "type": "DataFlowReference",
                                "parameters": {},
                                "datasetParameters": {
                                    "extractBoardData": {},
                                    "source1": {},
                                    "loadData": {},
                                    "sink1": {}
                                }
                            },
                            "staging": {},
                            "compute": {
                                "coreCount": 8,
                                "computeType": "General"
                            },
                            "traceLevel": "Fine"
                        }
                    },
                    {
                        "name": "select board ids",
                        "type": "Lookup",
                        "state": "Inactive",
                        "onInactiveMarkAs": "Succeeded",
                        "dependsOn": [
                            {
                                "activity": "Board_DF",
                                "dependencyConditions": [
                                    "Completed"
                                ]
                            }
                        ],
                        "policy": {
                            "timeout": "0.12:00:00",
                            "retry": 0,
                            "retryIntervalInSeconds": 30,
                            "secureOutput": false,
                            "secureInput": false
                        },
                        "userProperties": [],
                        "typeProperties": {
                            "source": {
                                "type": "AzureSqlSource",
                                "sqlReaderQuery": "select boardId from board_dim",
                                "queryTimeout": "02:00:00",
                                "partitionOption": "None"
                            },
                            "dataset": {
                                "referenceName": "BoardFinal",
                                "type": "DatasetReference",
                                "parameters": {}
                            },
                            "firstRowOnly": false
                        }
                    },
                    {
                        "name": "foreach boardId",
                        "type": "ForEach",
                        "state": "Inactive",
                        "onInactiveMarkAs": "Succeeded",
                        "dependsOn": [
                            {
                                "activity": "select board ids",
                                "dependencyConditions": [
                                    "Completed"
                                ]
                            }
                        ],
                        "userProperties": [],
                        "typeProperties": {
                            "items": {
                                "value": "@activity('select board ids').output.value",
                                "type": "Expression"
                            },
                            "isSequential": true,
                            "activities": [
                                {
                                    "name": "IssueOnlyIds_DF",
                                    "type": "ExecuteDataFlow",
                                    "dependsOn": [],
                                    "policy": {
                                        "timeout": "0.12:00:00",
                                        "retry": 0,
                                        "retryIntervalInSeconds": 30,
                                        "secureOutput": false,
                                        "secureInput": false
                                    },
                                    "userProperties": [],
                                    "typeProperties": {
                                        "dataflow": {
                                            "referenceName": "IssueOnlyIds_DF",
                                            "type": "DataFlowReference",
                                            "parameters": {
                                                "boardId": 5
                                            },
                                            "datasetParameters": {
                                                "extractIssueData": {
                                                    "boardId": {
                                                        "value": "@item().boardId",
                                                        "type": "Expression"
                                                    }
                                                },
                                                "source1": {},
                                                "sink1": {}
                                            }
                                        },
                                        "staging": {},
                                        "compute": {
                                            "coreCount": 8,
                                            "computeType": "General"
                                        },
                                        "traceLevel": "Fine"
                                    }
                                },
                                {
                                    "name": "Project_DF",
                                    "type": "ExecuteDataFlow",
                                    "dependsOn": [
                                        {
                                            "activity": "IssueOnlyIds_DF",
                                            "dependencyConditions": [
                                                "Succeeded"
                                            ]
                                        }
                                    ],
                                    "policy": {
                                        "timeout": "0.12:00:00",
                                        "retry": 0,
                                        "retryIntervalInSeconds": 30,
                                        "secureOutput": false,
                                        "secureInput": false
                                    },
                                    "userProperties": [],
                                    "typeProperties": {
                                        "dataflow": {
                                            "referenceName": "Project_DF",
                                            "type": "DataFlowReference",
                                            "parameters": {
                                                "boardId": 5
                                            },
                                            "datasetParameters": {
                                                "ExtractProjectFromAPI": {
                                                    "boardId": "@item().boardId"
                                                },
                                                "source1": {},
                                                "sink2": {}
                                            }
                                        },
                                        "staging": {},
                                        "compute": {
                                            "coreCount": 8,
                                            "computeType": "General"
                                        },
                                        "traceLevel": "Fine"
                                    }
                                },
                                {
                                    "name": "Sprint_DF",
                                    "type": "ExecuteDataFlow",
                                    "dependsOn": [
                                        {
                                            "activity": "Project_DF",
                                            "dependencyConditions": [
                                                "Succeeded"
                                            ]
                                        }
                                    ],
                                    "policy": {
                                        "timeout": "0.12:00:00",
                                        "retry": 0,
                                        "retryIntervalInSeconds": 30,
                                        "secureOutput": false,
                                        "secureInput": false
                                    },
                                    "userProperties": [],
                                    "typeProperties": {
                                        "dataflow": {
                                            "referenceName": "Sprint_DF",
                                            "type": "DataFlowReference",
                                            "parameters": {
                                                "boardId": 5
                                            },
                                            "datasetParameters": {
                                                "source1": {
                                                    "boardId": "5"
                                                },
                                                "source2": {},
                                                "SprintFinal": {},
                                                "sink1": {}
                                            }
                                        },
                                        "staging": {},
                                        "compute": {
                                            "coreCount": 8,
                                            "computeType": "General"
                                        },
                                        "traceLevel": "Fine"
                                    }
                                }
                            ]
                        }
                    },
                    {
                        "name": "get All Status",
                        "type": "Copy",
                        "state": "Inactive",
                        "onInactiveMarkAs": "Succeeded",
                        "dependsOn": [
                            {
                                "activity": "foreach boardId",
                                "dependencyConditions": [
                                    "Completed"
                                ]
                            }
                        ],
                        "policy": {
                            "timeout": "0.12:00:00",
                            "retry": 0,
                            "retryIntervalInSeconds": 30,
                            "secureOutput": false,
                            "secureInput": false
                        },
                        "userProperties": [],
                        "typeProperties": {
                            "source": {
                                "type": "RestSource",
                                "httpRequestTimeout": "00:01:40",
                                "requestInterval": "00.00:00:00.010",
                                "requestMethod": "GET",
                                "paginationRules": {
                                    "supportRFC5988": "true"
                                }
                            },
                            "sink": {
                                "type": "AzureSqlSink",
                                "writeBehavior": "insert",
                                "sqlWriterUseTableLock": false
                            },
                            "enableStaging": false,
                            "translator": {
                                "type": "TabularTranslator",
                                "mappings": [
                                    {
                                        "source": {
                                            "path": "$['name']"
                                        },
                                        "sink": {
                                            "name": "status_name",
                                            "type": "String"
                                        }
                                    },
                                    {
                                        "source": {
                                            "path": "$['id']"
                                        },
                                        "sink": {
                                            "name": "status_id",
                                            "type": "Int32"
                                        }
                                    },
                                    {
                                        "source": {
                                            "path": "$['statusCategory']['name']"
                                        },
                                        "sink": {
                                            "name": "statusCategory",
                                            "type": "String"
                                        }
                                    }
                                ],
                                "mapComplexValuesToString": false
                            }
                        },
                        "inputs": [
                            {
                                "referenceName": "StatusAPI",
                                "type": "DatasetReference",
                                "parameters": {}
                            }
                        ],
                        "outputs": [
                            {
                                "referenceName": "StatusFinal",
                                "type": "DatasetReference",
                                "parameters": {}
                            }
                        ]
                    },
                    {
                        "name": "Type_DF",
                        "type": "ExecuteDataFlow",
                        "state": "Inactive",
                        "onInactiveMarkAs": "Succeeded",
                        "dependsOn": [
                            {
                                "activity": "get All Status",
                                "dependencyConditions": [
                                    "Completed"
                                ]
                            }
                        ],
                        "policy": {
                            "timeout": "0.12:00:00",
                            "retry": 0,
                            "retryIntervalInSeconds": 30,
                            "secureOutput": false,
                            "secureInput": false
                        },
                        "userProperties": [],
                        "typeProperties": {
                            "dataflow": {
                                "referenceName": "IssueType_DF",
                                "type": "DataFlowReference",
                                "parameters": {},
                                "datasetParameters": {
                                    "source1": {},
                                    "source2": {},
                                    "sink1": {},
                                    "sink2": {}
                                }
                            },
                            "staging": {},
                            "compute": {
                                "coreCount": 8,
                                "computeType": "General"
                            },
                            "traceLevel": "Fine"
                        }
                    },
                    {
                        "name": "GetPriority",
                        "type": "Copy",
                        "state": "Inactive",
                        "onInactiveMarkAs": "Succeeded",
                        "dependsOn": [
                            {
                                "activity": "Type_DF",
                                "dependencyConditions": [
                                    "Completed"
                                ]
                            }
                        ],
                        "policy": {
                            "timeout": "0.12:00:00",
                            "retry": 0,
                            "retryIntervalInSeconds": 30,
                            "secureOutput": false,
                            "secureInput": false
                        },
                        "userProperties": [],
                        "typeProperties": {
                            "source": {
                                "type": "RestSource",
                                "httpRequestTimeout": "00:01:40",
                                "requestInterval": "00.00:00:00.010",
                                "requestMethod": "GET",
                                "paginationRules": {
                                    "supportRFC5988": "true"
                                }
                            },
                            "sink": {
                                "type": "AzureSqlSink",
                                "writeBehavior": "insert",
                                "sqlWriterUseTableLock": false
                            },
                            "enableStaging": false,
                            "translator": {
                                "type": "TabularTranslator",
                                "mappings": [
                                    {
                                        "source": {
                                            "path": "$['name']"
                                        },
                                        "sink": {
                                            "name": "priority_name",
                                            "type": "String"
                                        }
                                    },
                                    {
                                        "source": {
                                            "path": "$['id']"
                                        },
                                        "sink": {
                                            "name": "priority_id",
                                            "type": "Int32"
                                        }
                                    }
                                ]
                            }
                        },
                        "inputs": [
                            {
                                "referenceName": "PriorityAPI",
                                "type": "DatasetReference",
                                "parameters": {}
                            }
                        ],
                        "outputs": [
                            {
                                "referenceName": "PriorityFinal",
                                "type": "DatasetReference",
                                "parameters": {}
                            }
                        ]
                    },
                    {
                        "name": "getIssueIds",
                        "type": "Lookup",
                        "state": "Inactive",
                        "onInactiveMarkAs": "Succeeded",
                        "dependsOn": [
                            {
                                "activity": "GetPriority",
                                "dependencyConditions": [
                                    "Completed"
                                ]
                            }
                        ],
                        "policy": {
                            "timeout": "0.12:00:00",
                            "retry": 0,
                            "retryIntervalInSeconds": 30,
                            "secureOutput": false,
                            "secureInput": false
                        },
                        "userProperties": [],
                        "typeProperties": {
                            "source": {
                                "type": "AzureSqlSource",
                                "sqlReaderQuery": "select id from Issue_Dim where id in (\n10009,\n10452,\n10552,\n10752,\n10852,\n10952,\n11152,\n11252,\n11352,\n11452,\n11464,\n11514,\n11614,\n11664,\n11714)",
                                "queryTimeout": "02:00:00",
                                "partitionOption": "None"
                            },
                            "dataset": {
                                "referenceName": "IssueFinal",
                                "type": "DatasetReference",
                                "parameters": {}
                            },
                            "firstRowOnly": false
                        }
                    },
                    {
                        "name": "for each issueId",
                        "type": "ForEach",
                        "state": "Inactive",
                        "onInactiveMarkAs": "Succeeded",
                        "dependsOn": [
                            {
                                "activity": "getIssueIds",
                                "dependencyConditions": [
                                    "Completed"
                                ]
                            }
                        ],
                        "userProperties": [],
                        "typeProperties": {
                            "items": {
                                "value": "@activity('getIssueIds').output.value",
                                "type": "Expression"
                            },
                            "isSequential": true,
                            "activities": [
                                {
                                    "name": "Worklog_DF",
                                    "type": "ExecuteDataFlow",
                                    "dependsOn": [],
                                    "policy": {
                                        "timeout": "0.12:00:00",
                                        "retry": 0,
                                        "retryIntervalInSeconds": 30,
                                        "secureOutput": false,
                                        "secureInput": false
                                    },
                                    "userProperties": [],
                                    "typeProperties": {
                                        "dataflow": {
                                            "referenceName": "Worklog_DF",
                                            "type": "DataFlowReference",
                                            "parameters": {
                                                "id": {
                                                    "value": "@item().id",
                                                    "type": "Expression"
                                                }
                                            },
                                            "datasetParameters": {
                                                "source1": {
                                                    "id": {
                                                        "value": "@item().id",
                                                        "type": "Expression"
                                                    }
                                                },
                                                "source2": {},
                                                "sink1": {},
                                                "sink2": {}
                                            }
                                        },
                                        "staging": {},
                                        "compute": {
                                            "coreCount": 8,
                                            "computeType": "General"
                                        },
                                        "traceLevel": "Fine"
                                    }
                                },
                                {
                                    "name": "IssueDetails",
                                    "type": "ExecuteDataFlow",
                                    "dependsOn": [
                                        {
                                            "activity": "Worklog_DF",
                                            "dependencyConditions": [
                                                "Succeeded"
                                            ]
                                        }
                                    ],
                                    "policy": {
                                        "timeout": "0.12:00:00",
                                        "retry": 0,
                                        "retryIntervalInSeconds": 30,
                                        "secureOutput": false,
                                        "secureInput": false
                                    },
                                    "userProperties": [],
                                    "typeProperties": {
                                        "dataflow": {
                                            "referenceName": "Issue_DF",
                                            "type": "DataFlowReference",
                                            "parameters": {
                                                "id": {
                                                    "value": "@item().id",
                                                    "type": "Expression"
                                                }
                                            },
                                            "datasetParameters": {
                                                "source1": {
                                                    "id": {
                                                        "value": "@item().id",
                                                        "type": "Expression"
                                                    }
                                                },
                                                "source2": {},
                                                "sink1": {},
                                                "sink2": {}
                                            }
                                        },
                                        "staging": {},
                                        "compute": {
                                            "coreCount": 8,
                                            "computeType": "General"
                                        },
                                        "traceLevel": "Fine"
                                    }
                                },
                                {
                                    "name": "User_DF",
                                    "type": "ExecuteDataFlow",
                                    "dependsOn": [
                                        {
                                            "activity": "IssueDetails",
                                            "dependencyConditions": [
                                                "Succeeded"
                                            ]
                                        }
                                    ],
                                    "policy": {
                                        "timeout": "0.12:00:00",
                                        "retry": 0,
                                        "retryIntervalInSeconds": 30,
                                        "secureOutput": false,
                                        "secureInput": false
                                    },
                                    "userProperties": [],
                                    "typeProperties": {
                                        "dataflow": {
                                            "referenceName": "UserForIssues_DF",
                                            "type": "DataFlowReference",
                                            "parameters": {
                                                "id": 10009
                                            },
                                            "datasetParameters": {
                                                "source1": {
                                                    "id": "10009"
                                                },
                                                "source2": {},
                                                "sink1": {},
                                                "sink2": {},
                                                "sink3": {},
                                                "sink4": {}
                                            }
                                        },
                                        "staging": {},
                                        "compute": {
                                            "coreCount": 8,
                                            "computeType": "General"
                                        },
                                        "traceLevel": "Fine"
                                    }
                                },
                                {
                                    "name": "IssueFact",
                                    "type": "ExecuteDataFlow",
                                    "dependsOn": [
                                        {
                                            "activity": "User_DF",
                                            "dependencyConditions": [
                                                "Completed"
                                            ]
                                        }
                                    ],
                                    "policy": {
                                        "timeout": "0.12:00:00",
                                        "retry": 0,
                                        "retryIntervalInSeconds": 30,
                                        "secureOutput": false,
                                        "secureInput": false
                                    },
                                    "userProperties": [],
                                    "typeProperties": {
                                        "dataflow": {
                                            "referenceName": "IssueFact_DF",
                                            "type": "DataFlowReference",
                                            "parameters": {
                                                "id": {
                                                    "value": "@item().id",
                                                    "type": "Expression"
                                                }
                                            },
                                            "datasetParameters": {
                                                "source1": {
                                                    "id": {
                                                        "value": "@item().id",
                                                        "type": "Expression"
                                                    }
                                                },
                                                "source2": {},
                                                "source3": {},
                                                "sink1": {},
                                                "sink2": {}
                                            }
                                        },
                                        "staging": {},
                                        "compute": {
                                            "coreCount": 8,
                                            "computeType": "General"
                                        },
                                        "traceLevel": "Fine"
                                    }
                                }
                            ]
                        }
                    },
                    {
                        "name": "getProjectId",
                        "type": "Lookup",
                        "state": "Inactive",
                        "onInactiveMarkAs": "Succeeded",
                        "dependsOn": [
                            {
                                "activity": "for each issueId",
                                "dependencyConditions": [
                                    "Completed"
                                ]
                            }
                        ],
                        "policy": {
                            "timeout": "0.12:00:00",
                            "retry": 0,
                            "retryIntervalInSeconds": 30,
                            "secureOutput": false,
                            "secureInput": false
                        },
                        "userProperties": [],
                        "typeProperties": {
                            "source": {
                                "type": "AzureSqlSource",
                                "sqlReaderQuery": "select project_id as projectId from project_dim",
                                "queryTimeout": "02:00:00",
                                "partitionOption": "None"
                            },
                            "dataset": {
                                "referenceName": "ProjectFinal",
                                "type": "DatasetReference",
                                "parameters": {}
                            },
                            "firstRowOnly": false
                        }
                    },
                    {
                        "name": "for each projectId",
                        "type": "ForEach",
                        "state": "Inactive",
                        "onInactiveMarkAs": "Succeeded",
                        "dependsOn": [
                            {
                                "activity": "getProjectId",
                                "dependencyConditions": [
                                    "Completed"
                                ]
                            }
                        ],
                        "userProperties": [],
                        "typeProperties": {
                            "items": {
                                "value": "@activity('getProjectId').output.value",
                                "type": "Expression"
                            },
                            "isSequential": true,
                            "activities": [
                                {
                                    "name": "projectDetail_DF",
                                    "type": "ExecuteDataFlow",
                                    "dependsOn": [],
                                    "policy": {
                                        "timeout": "0.12:00:00",
                                        "retry": 0,
                                        "retryIntervalInSeconds": 30,
                                        "secureOutput": false,
                                        "secureInput": false
                                    },
                                    "userProperties": [],
                                    "typeProperties": {
                                        "dataflow": {
                                            "referenceName": "ProjectDetail_DF",
                                            "type": "DataFlowReference",
                                            "parameters": {
                                                "project_id": {
                                                    "value": "@item().projectId",
                                                    "type": "Expression"
                                                }
                                            },
                                            "datasetParameters": {
                                                "source1": {
                                                    "project_id": {
                                                        "value": "@item().projectId",
                                                        "type": "Expression"
                                                    }
                                                },
                                                "source2": {},
                                                "sink1": {}
                                            }
                                        },
                                        "staging": {},
                                        "compute": {
                                            "coreCount": 8,
                                            "computeType": "General"
                                        },
                                        "traceLevel": "Fine"
                                    }
                                },
                                {
                                    "name": "Data flow1",
                                    "type": "ExecuteDataFlow",
                                    "state": "Inactive",
                                    "onInactiveMarkAs": "Succeeded",
                                    "dependsOn": [
                                        {
                                            "activity": "projectDetail_DF",
                                            "dependencyConditions": [
                                                "Succeeded"
                                            ]
                                        }
                                    ],
                                    "policy": {
                                        "timeout": "0.12:00:00",
                                        "retry": 0,
                                        "retryIntervalInSeconds": 30,
                                        "secureOutput": false,
                                        "secureInput": false
                                    },
                                    "userProperties": [],
                                    "typeProperties": {
                                        "dataflow": {
                                            "referenceName": "UserForProjects_DF",
                                            "type": "DataFlowReference",
                                            "parameters": {
                                                "projectId": {
                                                    "value": "@item().projectId",
                                                    "type": "Expression"
                                                }
                                            },
                                            "datasetParameters": {
                                                "source1": {
                                                    "project_id": {
                                                        "value": "@item().projectId",
                                                        "type": "Expression"
                                                    }
                                                },
                                                "source2": {},
                                                "sink2": {},
                                                "sink3": {}
                                            }
                                        },
                                        "staging": {},
                                        "compute": {
                                            "coreCount": 8,
                                            "computeType": "General"
                                        },
                                        "traceLevel": "Fine"
                                    }
                                }
                            ]
                        }
                    },
                    {
                        "name": "sprintFact",
                        "type": "ExecuteDataFlow",
                        "state": "Inactive",
                        "onInactiveMarkAs": "Succeeded",
                        "dependsOn": [
                            {
                                "activity": "Time_DF",
                                "dependencyConditions": [
                                    "Completed"
                                ]
                            }
                        ],
                        "policy": {
                            "timeout": "0.12:00:00",
                            "retry": 0,
                            "retryIntervalInSeconds": 30,
                            "secureOutput": false,
                            "secureInput": false
                        },
                        "userProperties": [],
                        "typeProperties": {
                            "dataflow": {
                                "referenceName": "sprintFact_DF",
                                "type": "DataFlowReference",
                                "parameters": {},
                                "datasetParameters": {
                                    "source1": {},
                                    "source2": {},
                                    "source3": {},
                                    "sink1": {},
                                    "sink2": {}
                                }
                            },
                            "staging": {},
                            "compute": {
                                "coreCount": 8,
                                "computeType": "General"
                            },
                            "traceLevel": "Fine"
                        }
                    },
                    {
                        "name": "WorklogFACT",
                        "type": "ExecuteDataFlow",
                        "dependsOn": [
                            {
                                "activity": "sprintFact",
                                "dependencyConditions": [
                                    "Completed"
                                ]
                            }
                        ],
                        "policy": {
                            "timeout": "0.12:00:00",
                            "retry": 0,
                            "retryIntervalInSeconds": 30,
                            "secureOutput": false,
                            "secureInput": false
                        },
                        "userProperties": [],
                        "typeProperties": {
                            "dataflow": {
                                "referenceName": "WorklogFact_DF",
                                "type": "DataFlowReference",
                                "parameters": {},
                                "datasetParameters": {
                                    "source1": {},
                                    "source2": {},
                                    "date": {},
                                    "time": {},
                                    "sink1": {},
                                    "sink2": {}
                                }
                            },
                            "staging": {},
                            "compute": {
                                "coreCount": 8,
                                "computeType": "General"
                            },
                            "traceLevel": "Fine"
                        }
                    },
                    {
                        "name": "date_DF",
                        "type": "ExecuteDataFlow",
                        "state": "Inactive",
                        "onInactiveMarkAs": "Succeeded",
                        "dependsOn": [
                            {
                                "activity": "for each projectId",
                                "dependencyConditions": [
                                    "Completed"
                                ]
                            }
                        ],
                        "policy": {
                            "timeout": "0.12:00:00",
                            "retry": 0,
                            "retryIntervalInSeconds": 30,
                            "secureOutput": false,
                            "secureInput": false
                        },
                        "userProperties": [],
                        "typeProperties": {
                            "dataflow": {
                                "referenceName": "Date_DF",
                                "type": "DataFlowReference",
                                "parameters": {},
                                "datasetParameters": {
                                    "source1": {},
                                    "source2": {},
                                    "source3": {},
                                    "source4": {},
                                    "source5": {},
                                    "source6": {},
                                    "source7": {},
                                    "dateFinal": {},
                                    "sink1": {}
                                }
                            },
                            "staging": {},
                            "compute": {
                                "coreCount": 8,
                                "computeType": "General"
                            },
                            "traceLevel": "Fine"
                        }
                    },
                    {
                        "name": "Time_DF",
                        "type": "ExecuteDataFlow",
                        "state": "Inactive",
                        "onInactiveMarkAs": "Succeeded",
                        "dependsOn": [
                            {
                                "activity": "date_DF",
                                "dependencyConditions": [
                                    "Completed"
                                ]
                            }
                        ],
                        "policy": {
                            "timeout": "0.12:00:00",
                            "retry": 0,
                            "retryIntervalInSeconds": 30,
                            "secureOutput": false,
                            "secureInput": false
                        },
                        "userProperties": [],
                        "typeProperties": {
                            "dataflow": {
                                "referenceName": "Time_DF",
                                "type": "DataFlowReference",
                                "parameters": {},
                                "datasetParameters": {
                                    "source1": {},
                                    "source2": {},
                                    "sink1": {}
                                }
                            },
                            "staging": {},
                            "compute": {
                                "coreCount": 8,
                                "computeType": "General"
                            },
                            "traceLevel": "Fine"
                        }
                    }
                ],
                "policy": {
                    "elapsedTimeMetric": {}
                },
                "parameters": {
                    "boardId": {
                        "type": "int",
                        "defaultValue": 5
                    },
                    "projectId": {
                        "type": "int",
                        "defaultValue": 10000
                    },
                    "id": {
                        "type": "int",
                        "defaultValue": 10009
                    },
                    "baseUrl": {
                        "type": "string"
                    },
                    "userName": {
                        "type": "string"
                    },
                    "apiToken": {
                        "type": "string"
                    }
                },
                "annotations": [],
                "lastPublishTime": "2025-05-13T09:08:51Z"
            },
            "dependsOn": [
                "[concat(variables('factoryId'), '/dataflows/Project_DF')]",
                "[concat(variables('factoryId'), '/dataflows/Worklog_DF')]"
            ]
        },
        {
            "name": "[concat(parameters('factoryName'), '/Gap')]",
            "type": "Microsoft.DataFactory/factories/pipelines",
            "apiVersion": "2018-06-01",
            "properties": {
                "activities": [
                    {
                        "name": "Data flow1",
                        "type": "ExecuteDataFlow",
                        "dependsOn": [],
                        "policy": {
                            "timeout": "0.12:00:00",
                            "retry": 0,
                            "retryIntervalInSeconds": 30,
                            "secureOutput": false,
                            "secureInput": false
                        },
                        "userProperties": [],
                        "typeProperties": {
                            "dataflow": {
                                "referenceName": "Gap_DF",
                                "type": "DataFlowReference",
                                "parameters": {},
                                "datasetParameters": {
                                    "source1": {},
                                    "source2": {},
                                    "source3": {},
                                    "sink1": {},
                                    "sink2": {},
                                    "sink3": {}
                                }
                            },
                            "staging": {},
                            "compute": {
                                "coreCount": 8,
                                "computeType": "General"
                            },
                            "traceLevel": "Fine"
                        }
                    }
                ],
                "policy": {
                    "elapsedTimeMetric": {}
                },
                "parameters": {
                    "S": {
                        "type": "string",
                        "defaultValue": "A"
                    }
                },
                "annotations": [],
                "lastPublishTime": "2025-05-13T09:10:20Z"
            },
            "dependsOn": [
                "[concat(variables('factoryId'), '/dataflows/Gap_DF')]"
            ]
        }
    ]
}