{
    "$schema": "http://schema.management.azure.com/schemas/2015-01-01/deploymentTemplate.json#",
    "contentVersion": "1.0.0.0",
    "parameters": {
        "factoryName": {
            "type": "string",
            "metadata": "Nom de fabrique de données",
            "defaultValue": "JiraCloudDataFact"
        },
        "JiraAPI_password": {
            "type": "secureString",
            "metadata": "Chaîne sécurisée pour « password » de « JiraAPI »"
        },
        "JiraDB_password": {
            "type": "secureString",
            "metadata": "Chaîne sécurisée pour « password » de « JiraDB »"
        },
        "JiraAPI_properties_typeProperties_url": {
            "type": "string",
            "defaultValue": "https://spectrumgroupe-team-dlggvk9h.atlassian.net/"
        },
        "JiraAPI_properties_typeProperties_userName": {
            "type": "string",
            "defaultValue": "myriam.benazzoun@spectrumgroupe.fr"
        },
        "JiraDB_properties_typeProperties_server": {
            "type": "string",
            "defaultValue": "jiracloudsqlserver.database.windows.net"
        },
        "JiraDB_properties_typeProperties_database": {
            "type": "string",
            "defaultValue": "JiraCloudDB"
        },
        "JiraDB_properties_typeProperties_userName": {
            "type": "string",
            "defaultValue": "JiraCloudServer"
        }
    },
    "variables": {
        "factoryId": "[concat('Microsoft.DataFactory/factories/', parameters('factoryName'))]"
    },
    "resources": [
        {
            "name": "[concat(parameters('factoryName'), '/JiraAPI')]",
            "type": "Microsoft.DataFactory/factories/linkedServices",
            "apiVersion": "2018-06-01",
            "properties": {
                "annotations": [],
                "type": "RestService",
                "typeProperties": {
                    "url": "[parameters('JiraAPI_properties_typeProperties_url')]",
                    "enableServerCertificateValidation": true,
                    "authenticationType": "Basic",
                    "userName": "[parameters('JiraAPI_properties_typeProperties_userName')]",
                    "password": {
                        "type": "SecureString",
                        "value": "[parameters('JiraAPI_password')]"
                    }
                }
            },
            "dependsOn": []
        },
        {
            "name": "[concat(parameters('factoryName'), '/JiraDB')]",
            "type": "Microsoft.DataFactory/factories/linkedServices",
            "apiVersion": "2018-06-01",
            "properties": {
                "annotations": [],
                "type": "AzureSqlDatabase",
                "typeProperties": {
                    "server": "[parameters('JiraDB_properties_typeProperties_server')]",
                    "database": "[parameters('JiraDB_properties_typeProperties_database')]",
                    "encrypt": "mandatory",
                    "trustServerCertificate": false,
                    "authenticationType": "SQL",
                    "userName": "[parameters('JiraDB_properties_typeProperties_userName')]",
                    "password": {
                        "type": "SecureString",
                        "value": "[parameters('JiraDB_password')]"
                    }
                }
            },
            "dependsOn": []
        },
        {
            "name": "[concat(parameters('factoryName'), '/IssueTypeAPI')]",
            "type": "Microsoft.DataFactory/factories/datasets",
            "apiVersion": "2018-06-01",
            "properties": {
                "linkedServiceName": {
                    "referenceName": "JiraAPI",
                    "type": "LinkedServiceReference"
                },
                "annotations": [],
                "type": "RestResource",
                "typeProperties": {
                    "relativeUrl": "/rest/api/2/issuetype"
                },
                "schema": []
            },
            "dependsOn": [
                "[concat(variables('factoryId'), '/linkedServices/JiraAPI')]"
            ]
        },
        {
            "name": "[concat(parameters('factoryName'), '/ProjectAPI')]",
            "type": "Microsoft.DataFactory/factories/datasets",
            "apiVersion": "2018-06-01",
            "properties": {
                "linkedServiceName": {
                    "referenceName": "JiraAPI",
                    "type": "LinkedServiceReference"
                },
                "parameters": {
                    "boardId": {
                        "type": "string",
                        "defaultValue": "5"
                    }
                },
                "annotations": [],
                "type": "RestResource",
                "typeProperties": {
                    "relativeUrl": {
                        "value": "/rest/agile/1.0/board/@{dataset().boardId}/project",
                        "type": "Expression"
                    }
                },
                "schema": []
            },
            "dependsOn": [
                "[concat(variables('factoryId'), '/linkedServices/JiraAPI')]"
            ]
        },
        {
            "name": "[concat(parameters('factoryName'), '/PriorityAPI')]",
            "type": "Microsoft.DataFactory/factories/datasets",
            "apiVersion": "2018-06-01",
            "properties": {
                "linkedServiceName": {
                    "referenceName": "JiraAPI",
                    "type": "LinkedServiceReference"
                },
                "annotations": [],
                "type": "RestResource",
                "typeProperties": {
                    "relativeUrl": "/rest/api/2/priority"
                },
                "schema": []
            },
            "dependsOn": [
                "[concat(variables('factoryId'), '/linkedServices/JiraAPI')]"
            ]
        },
        {
            "name": "[concat(parameters('factoryName'), '/SprintAPI')]",
            "type": "Microsoft.DataFactory/factories/datasets",
            "apiVersion": "2018-06-01",
            "properties": {
                "linkedServiceName": {
                    "referenceName": "JiraAPI",
                    "type": "LinkedServiceReference"
                },
                "parameters": {
                    "boardId": {
                        "type": "string",
                        "defaultValue": "5"
                    }
                },
                "annotations": [],
                "type": "RestResource",
                "typeProperties": {
                    "relativeUrl": {
                        "value": "/rest/agile/1.0/board/@{dataset().boardId}/sprint",
                        "type": "Expression"
                    }
                },
                "schema": []
            },
            "dependsOn": [
                "[concat(variables('factoryId'), '/linkedServices/JiraAPI')]"
            ]
        },
        {
            "name": "[concat(parameters('factoryName'), '/IssueDetailAPI')]",
            "type": "Microsoft.DataFactory/factories/datasets",
            "apiVersion": "2018-06-01",
            "properties": {
                "linkedServiceName": {
                    "referenceName": "JiraAPI",
                    "type": "LinkedServiceReference"
                },
                "parameters": {
                    "id": {
                        "type": "string",
                        "defaultValue": "10000"
                    }
                },
                "annotations": [],
                "type": "RestResource",
                "typeProperties": {
                    "relativeUrl": {
                        "value": "/rest/api/2/issue/@{dataset().id}",
                        "type": "Expression"
                    }
                },
                "schema": []
            },
            "dependsOn": [
                "[concat(variables('factoryId'), '/linkedServices/JiraAPI')]"
            ]
        },
        {
            "name": "[concat(parameters('factoryName'), '/ProjectDetailAPI')]",
            "type": "Microsoft.DataFactory/factories/datasets",
            "apiVersion": "2018-06-01",
            "properties": {
                "linkedServiceName": {
                    "referenceName": "JiraAPI",
                    "type": "LinkedServiceReference"
                },
                "parameters": {
                    "project_id": {
                        "type": "string",
                        "defaultValue": "10000"
                    }
                },
                "annotations": [],
                "type": "RestResource",
                "typeProperties": {
                    "relativeUrl": {
                        "value": "/rest/api/2/project/@{dataset().project_id}",
                        "type": "Expression"
                    }
                },
                "schema": []
            },
            "dependsOn": [
                "[concat(variables('factoryId'), '/linkedServices/JiraAPI')]"
            ]
        },
        {
            "name": "[concat(parameters('factoryName'), '/WorklogAPI')]",
            "type": "Microsoft.DataFactory/factories/datasets",
            "apiVersion": "2018-06-01",
            "properties": {
                "linkedServiceName": {
                    "referenceName": "JiraAPI",
                    "type": "LinkedServiceReference"
                },
                "parameters": {
                    "id": {
                        "type": "string",
                        "defaultValue": "10000"
                    }
                },
                "annotations": [],
                "type": "RestResource",
                "typeProperties": {
                    "relativeUrl": {
                        "value": "/rest/api/2/issue/@{dataset().id}/worklog",
                        "type": "Expression"
                    }
                },
                "schema": []
            },
            "dependsOn": [
                "[concat(variables('factoryId'), '/linkedServices/JiraAPI')]"
            ]
        },
        {
            "name": "[concat(parameters('factoryName'), '/IssueAPI')]",
            "type": "Microsoft.DataFactory/factories/datasets",
            "apiVersion": "2018-06-01",
            "properties": {
                "linkedServiceName": {
                    "referenceName": "JiraAPI",
                    "type": "LinkedServiceReference"
                },
                "parameters": {
                    "boardId": {
                        "type": "string",
                        "defaultValue": "5"
                    }
                },
                "annotations": [],
                "type": "RestResource",
                "typeProperties": {
                    "relativeUrl": {
                        "value": "/rest/agile/1.0/board/@{dataset().boardId}/issue",
                        "type": "Expression"
                    }
                },
                "schema": []
            },
            "dependsOn": [
                "[concat(variables('factoryId'), '/linkedServices/JiraAPI')]"
            ]
        },
        {
            "name": "[concat(parameters('factoryName'), '/StatusAPI')]",
            "type": "Microsoft.DataFactory/factories/datasets",
            "apiVersion": "2018-06-01",
            "properties": {
                "linkedServiceName": {
                    "referenceName": "JiraAPI",
                    "type": "LinkedServiceReference"
                },
                "annotations": [],
                "type": "RestResource",
                "typeProperties": {
                    "relativeUrl": "/rest/api/2/status"
                },
                "schema": []
            },
            "dependsOn": [
                "[concat(variables('factoryId'), '/linkedServices/JiraAPI')]"
            ]
        },
        {
            "name": "[concat(parameters('factoryName'), '/BoardAPI')]",
            "type": "Microsoft.DataFactory/factories/datasets",
            "apiVersion": "2018-06-01",
            "properties": {
                "linkedServiceName": {
                    "referenceName": "JiraAPI",
                    "type": "LinkedServiceReference"
                },
                "annotations": [],
                "type": "RestResource",
                "typeProperties": {
                    "relativeUrl": "/rest/agile/1.0/board"
                },
                "schema": []
            },
            "dependsOn": [
                "[concat(variables('factoryId'), '/linkedServices/JiraAPI')]"
            ]
        },
        {
            "name": "[concat(parameters('factoryName'), '/BoardFinal')]",
            "type": "Microsoft.DataFactory/factories/datasets",
            "apiVersion": "2018-06-01",
            "properties": {
                "linkedServiceName": {
                    "referenceName": "JiraDB",
                    "type": "LinkedServiceReference"
                },
                "annotations": [],
                "type": "AzureSqlTable",
                "schema": [
                    {
                        "name": "boardId",
                        "type": "int",
                        "precision": 10
                    },
                    {
                        "name": "name",
                        "type": "varchar"
                    },
                    {
                        "name": "projectId",
                        "type": "int",
                        "precision": 10
                    }
                ],
                "typeProperties": {
                    "schema": "dbo",
                    "table": "Board_dim"
                }
            },
            "dependsOn": [
                "[concat(variables('factoryId'), '/linkedServices/JiraDB')]"
            ]
        },
        {
            "name": "[concat(parameters('factoryName'), '/ProjectFinal')]",
            "type": "Microsoft.DataFactory/factories/datasets",
            "apiVersion": "2018-06-01",
            "properties": {
                "linkedServiceName": {
                    "referenceName": "JiraDB",
                    "type": "LinkedServiceReference"
                },
                "annotations": [],
                "type": "AzureSqlTable",
                "schema": [
                    {
                        "name": "project_id",
                        "type": "int",
                        "precision": 10
                    },
                    {
                        "name": "project_name",
                        "type": "nvarchar"
                    },
                    {
                        "name": "project_key",
                        "type": "nvarchar"
                    },
                    {
                        "name": "creator_id",
                        "type": "nvarchar"
                    },
                    {
                        "name": "typeKey",
                        "type": "varchar"
                    },
                    {
                        "name": "board_id",
                        "type": "int",
                        "precision": 10
                    }
                ],
                "typeProperties": {
                    "schema": "dbo",
                    "table": "project_dim"
                }
            },
            "dependsOn": [
                "[concat(variables('factoryId'), '/linkedServices/JiraDB')]"
            ]
        },
        {
            "name": "[concat(parameters('factoryName'), '/DateFinal')]",
            "type": "Microsoft.DataFactory/factories/datasets",
            "apiVersion": "2018-06-01",
            "properties": {
                "linkedServiceName": {
                    "referenceName": "JiraDB",
                    "type": "LinkedServiceReference"
                },
                "annotations": [],
                "type": "AzureSqlTable",
                "schema": [
                    {
                        "name": "id",
                        "type": "int",
                        "precision": 10
                    },
                    {
                        "name": "Date",
                        "type": "date"
                    },
                    {
                        "name": "Year",
                        "type": "int",
                        "precision": 10
                    },
                    {
                        "name": "Month",
                        "type": "int",
                        "precision": 10
                    },
                    {
                        "name": "Day",
                        "type": "int",
                        "precision": 10
                    },
                    {
                        "name": "MonthName",
                        "type": "varchar"
                    },
                    {
                        "name": "Quarter",
                        "type": "int",
                        "precision": 10
                    },
                    {
                        "name": "Weekday",
                        "type": "int",
                        "precision": 10
                    }
                ],
                "typeProperties": {
                    "schema": "dbo",
                    "table": "DimDate"
                }
            },
            "dependsOn": [
                "[concat(variables('factoryId'), '/linkedServices/JiraDB')]"
            ]
        },
        {
            "name": "[concat(parameters('factoryName'), '/UserFinal')]",
            "type": "Microsoft.DataFactory/factories/datasets",
            "apiVersion": "2018-06-01",
            "properties": {
                "linkedServiceName": {
                    "referenceName": "JiraDB",
                    "type": "LinkedServiceReference"
                },
                "annotations": [],
                "type": "AzureSqlTable",
                "schema": [
                    {
                        "name": "user_id",
                        "type": "nvarchar"
                    },
                    {
                        "name": "accountType",
                        "type": "nvarchar"
                    },
                    {
                        "name": "display_name",
                        "type": "nvarchar"
                    }
                ],
                "typeProperties": {
                    "schema": "dbo",
                    "table": "user_dim"
                }
            },
            "dependsOn": [
                "[concat(variables('factoryId'), '/linkedServices/JiraDB')]"
            ]
        },
        {
            "name": "[concat(parameters('factoryName'), '/WorklogFinal')]",
            "type": "Microsoft.DataFactory/factories/datasets",
            "apiVersion": "2018-06-01",
            "properties": {
                "linkedServiceName": {
                    "referenceName": "JiraDB",
                    "type": "LinkedServiceReference"
                },
                "annotations": [],
                "type": "AzureSqlTable",
                "schema": [
                    {
                        "name": "id",
                        "type": "int",
                        "precision": 10
                    },
                    {
                        "name": "startDate",
                        "type": "date"
                    },
                    {
                        "name": "timeSpent",
                        "type": "varchar"
                    },
                    {
                        "name": "startTime",
                        "type": "varchar"
                    },
                    {
                        "name": "author_id",
                        "type": "nvarchar"
                    },
                    {
                        "name": "issue_id",
                        "type": "int",
                        "precision": 10
                    }
                ],
                "typeProperties": {
                    "schema": "dbo",
                    "table": "worklog_dim"
                }
            },
            "dependsOn": [
                "[concat(variables('factoryId'), '/linkedServices/JiraDB')]"
            ]
        },
        {
            "name": "[concat(parameters('factoryName'), '/SprintFinal')]",
            "type": "Microsoft.DataFactory/factories/datasets",
            "apiVersion": "2018-06-01",
            "properties": {
                "linkedServiceName": {
                    "referenceName": "JiraDB",
                    "type": "LinkedServiceReference"
                },
                "annotations": [],
                "type": "AzureSqlTable",
                "schema": [
                    {
                        "name": "sprint_id",
                        "type": "int",
                        "precision": 10
                    },
                    {
                        "name": "start_date",
                        "type": "date"
                    },
                    {
                        "name": "end_date",
                        "type": "date"
                    },
                    {
                        "name": "state",
                        "type": "nvarchar"
                    },
                    {
                        "name": "sprint_name",
                        "type": "nvarchar"
                    },
                    {
                        "name": "completeDate",
                        "type": "date"
                    },
                    {
                        "name": "EnRetard",
                        "type": "int",
                        "precision": 10
                    },
                    {
                        "name": "board_id",
                        "type": "int",
                        "precision": 10
                    }
                ],
                "typeProperties": {
                    "schema": "dbo",
                    "table": "sprint_dim"
                }
            },
            "dependsOn": [
                "[concat(variables('factoryId'), '/linkedServices/JiraDB')]"
            ]
        },
        {
            "name": "[concat(parameters('factoryName'), '/TimeDim')]",
            "type": "Microsoft.DataFactory/factories/datasets",
            "apiVersion": "2018-06-01",
            "properties": {
                "linkedServiceName": {
                    "referenceName": "JiraDB",
                    "type": "LinkedServiceReference"
                },
                "annotations": [],
                "type": "AzureSqlTable",
                "schema": [
                    {
                        "name": "id",
                        "type": "int",
                        "precision": 10
                    },
                    {
                        "name": "Time",
                        "type": "nvarchar"
                    },
                    {
                        "name": "Hour",
                        "type": "int",
                        "precision": 10
                    },
                    {
                        "name": "Minute",
                        "type": "int",
                        "precision": 10
                    },
                    {
                        "name": "Second",
                        "type": "int",
                        "precision": 10
                    }
                ],
                "typeProperties": {
                    "schema": "dbo",
                    "table": "DimTime"
                }
            },
            "dependsOn": [
                "[concat(variables('factoryId'), '/linkedServices/JiraDB')]"
            ]
        },
        {
            "name": "[concat(parameters('factoryName'), '/SprintFact')]",
            "type": "Microsoft.DataFactory/factories/datasets",
            "apiVersion": "2018-06-01",
            "properties": {
                "linkedServiceName": {
                    "referenceName": "JiraDB",
                    "type": "LinkedServiceReference"
                },
                "annotations": [],
                "type": "AzureSqlTable",
                "schema": [
                    {
                        "name": "sprint_fact_id",
                        "type": "int",
                        "precision": 10
                    },
                    {
                        "name": "sprint_id",
                        "type": "int",
                        "precision": 10
                    },
                    {
                        "name": "board_id",
                        "type": "int",
                        "precision": 10
                    },
                    {
                        "name": "sprint_count",
                        "type": "int",
                        "precision": 10
                    },
                    {
                        "name": "closed_sprints",
                        "type": "int",
                        "precision": 10
                    },
                    {
                        "name": "retard_sprints",
                        "type": "int",
                        "precision": 10
                    },
                    {
                        "name": "completeAtTime_sprints",
                        "type": "int",
                        "precision": 10
                    },
                    {
                        "name": "duree_prevu_jours",
                        "type": "int",
                        "precision": 10
                    },
                    {
                        "name": "duree_reelle_jours",
                        "type": "int",
                        "precision": 10
                    },
                    {
                        "name": "start_date",
                        "type": "int",
                        "precision": 10
                    },
                    {
                        "name": "end_date",
                        "type": "int",
                        "precision": 10
                    },
                    {
                        "name": "complete_date",
                        "type": "int",
                        "precision": 10
                    }
                ],
                "typeProperties": {
                    "schema": "dbo",
                    "table": "sprint_fact"
                }
            },
            "dependsOn": [
                "[concat(variables('factoryId'), '/linkedServices/JiraDB')]"
            ]
        }
    ]
}