{
    "$schema": "http://schema.management.azure.com/schemas/2015-01-01/deploymentTemplate.json#",
    "contentVersion": "1.0.0.0",
    "parameters": {
        "factoryName": {
            "type": "string",
            "metadata": "Nom de fabrique de données",
            "defaultValue": "JiraCloudDataFact"
        },
        "JiraAPI_password": {
            "type": "secureString",
            "metadata": "Chaîne sécurisée pour « password » de « JiraAPI »"
        },
        "JiraDB_password": {
            "type": "secureString",
            "metadata": "Chaîne sécurisée pour « password » de « JiraDB »"
        },
        "JiraAPI_properties_typeProperties_url": {
            "type": "string",
            "defaultValue": "https://spectrumgroupe-team-dlggvk9h.atlassian.net/"
        },
        "JiraAPI_properties_typeProperties_userName": {
            "type": "string",
            "defaultValue": "myriam.benazzoun@spectrumgroupe.fr"
        },
        "JiraDB_properties_typeProperties_server": {
            "type": "string",
            "defaultValue": "jiracloudsqlserver.database.windows.net"
        },
        "JiraDB_properties_typeProperties_database": {
            "type": "string",
            "defaultValue": "JiraCloudDB"
        },
        "JiraDB_properties_typeProperties_userName": {
            "type": "string",
            "defaultValue": "JiraCloudServer"
        },
        "containerUri": {
            "type": "string",
            "metadata": "URI pour le compte de stockage contenant des modèles ARM liés"
        },
        "containerSasToken": {
            "type": "string",
            "metadata": "Jeton SAS pour le compte de stockage contenant des modèles ARM liés"
        }
    },
    "variables": {
        "factoryId": "[concat('Microsoft.DataFactory/factories/', parameters('factoryName'))]"
    },
    "resources": [
        {
            "name": "JiraCloudDataFact_ArmTemplate_0",
            "type": "Microsoft.Resources/deployments",
            "apiVersion": "2024-03-01",
            "properties": {
                "mode": "incremental",
                "templateLink": {
                    "uri": "[concat(parameters('containerUri'), '/ArmTemplate_0.json', parameters('containerSasToken'))]",
                    "contentVersion": "1.0.0.0"
                },
                "parameters": {
                    "factoryName": {
                        "value": "[parameters('factoryName')]"
                    },
                    "JiraAPI_password": {
                        "value": "[parameters('JiraAPI_password')]"
                    },
                    "JiraDB_password": {
                        "value": "[parameters('JiraDB_password')]"
                    },
                    "JiraAPI_properties_typeProperties_url": {
                        "value": "[parameters('JiraAPI_properties_typeProperties_url')]"
                    },
                    "JiraAPI_properties_typeProperties_userName": {
                        "value": "[parameters('JiraAPI_properties_typeProperties_userName')]"
                    },
                    "JiraDB_properties_typeProperties_server": {
                        "value": "[parameters('JiraDB_properties_typeProperties_server')]"
                    },
                    "JiraDB_properties_typeProperties_database": {
                        "value": "[parameters('JiraDB_properties_typeProperties_database')]"
                    },
                    "JiraDB_properties_typeProperties_userName": {
                        "value": "[parameters('JiraDB_properties_typeProperties_userName')]"
                    }
                }
            },
            "dependsOn": []
        },
        {
            "name": "JiraCloudDataFact_ArmTemplate_1",
            "type": "Microsoft.Resources/deployments",
            "apiVersion": "2024-03-01",
            "properties": {
                "mode": "incremental",
                "templateLink": {
                    "uri": "[concat(parameters('containerUri'), '/ArmTemplate_1.json', parameters('containerSasToken'))]",
                    "contentVersion": "1.0.0.0"
                },
                "parameters": {
                    "factoryName": {
                        "value": "[parameters('factoryName')]"
                    }
                }
            },
            "dependsOn": [
                "[resourceId('Microsoft.Resources/deployments', 'JiraCloudDataFact_ArmTemplate_0')]"
            ]
        },
        {
            "name": "JiraCloudDataFact_ArmTemplate_2",
            "type": "Microsoft.Resources/deployments",
            "apiVersion": "2024-03-01",
            "properties": {
                "mode": "incremental",
                "templateLink": {
                    "uri": "[concat(parameters('containerUri'), '/ArmTemplate_2.json', parameters('containerSasToken'))]",
                    "contentVersion": "1.0.0.0"
                },
                "parameters": {
                    "factoryName": {
                        "value": "[parameters('factoryName')]"
                    }
                }
            },
            "dependsOn": [
                "[resourceId('Microsoft.Resources/deployments', 'JiraCloudDataFact_ArmTemplate_1')]"
            ]
        }
    ]
}