{
    "$schema": "https://schema.management.azure.com/schemas/2015-01-01/deploymentParameters.json#",
    "contentVersion": "1.0.0.0",
    "parameters": {
        "factoryName": {
            "value": "JiraCloudDataFact"
        },
        "JiraAPI_password": {
            "value": ""
        },
        "JiraDB_password": {
            "value": ""
        },
        "JiraAPI_properties_typeProperties_url": {
            "value": "https://spectrumgroupe-team-dlggvk9h.atlassian.net/"
        },
        "JiraAPI_properties_typeProperties_userName": {
            "value": "myriam.benazzoun@spectrumgroupe.fr"
        },
        "JiraDB_properties_typeProperties_server": {
            "value": "jiracloudsqlserver.database.windows.net"
        },
        "JiraDB_properties_typeProperties_database": {
            "value": "JiraCloudDB"
        },
        "JiraDB_properties_typeProperties_userName": {
            "value": "JiraCloudServer"
        },
        "containerUri": {
            "value": ""
        },
        "containerSasToken": {
            "value": ""
        }
    }
}