{
    "$schema": "http://schema.management.azure.com/schemas/2015-01-01/deploymentTemplate.json#",
    "contentVersion": "1.0.0.0",
    "parameters": {
        "factoryName": {
            "type": "string",
            "metadata": "Nom de fabrique de données",
            "defaultValue": "JiraCloudDataFact"
        },
        "dataFactory_location": {
            "type": "string",
            "defaultValue": "southafricanorth"
        },
        "dataFactory_identity_type": {
            "type": "string",
            "defaultValue": "SystemAssigned"
        }
    },
    "variables": {
        "factoryId": "[concat('Microsoft.DataFactory/factories/', parameters('factoryName'))]"
    },
    "resources": [
        {
            "name": "[parameters('factoryName')]",
            "type": "Microsoft.DataFactory/factories",
            "apiVersion": "2018-06-01",
            "properties": {},
            "dependsOn": [],
            "location": "[parameters('dataFactory_location')]",
            "identity": {
                "type": "[parameters('dataFactory_identity_type')]",
                "principalId": "11e0f621-f9fd-4611-b094-9a5b2a896b1f",
                "tenantId": "604f1a96-cbe8-43f8-abbf-f8eaf5d85730"
            }
        }
    ]
}